{"minzoom":0,"maxzoom":8,"center":[146.953125,-9.101423,8.0],"bounds":[140.84053,-11.656156,157.037048,-0.757591]}