{"minzoom":0,"maxzoom":9,"center":[147.304687,-9.448887,9.0],"bounds":[140.84053,-11.656156,157.037048,-0.757591]}